"date","activity","name","description","target_rpe","sets","reps","rest_per_set_s","rpe","active_duration_minutes","weight","percent_completed","physical_preparedness","affected_areas","activity_notes","physical_condition_notes","category","pain_level","pain_area","soreness_level","soreness_area","comments"
"7/4/2024","O01","Outdoor route projecting","Climbing routes harder than onsight difficulty","8-10","#N/A","#N/A","#N/A","5","20","bw","30%","10","forearms, legs, fingers, shoulders, biceps","Climbed Perspective then tried to send Insomnia, foot slipped at beginning of first crux","Felt fantastic except R shoulder","Climbing",NA,NA,NA,NA,NA
"7/5/2024","P01","2-arm isometric lock-offs","Static holds at 135 and 90 deg with palms facing toward and away on bar. See details in Dylan Elliott email from 3 July 2024.","5","3","6","180","5","2","bw","100%","9","shoulders, biceps",NA,NA,"Physiotherapy",NA,NA,NA,NA,NA
"7/5/2024","P02","Kettlebell isometric holds","Arm bent at 90deg hold; see Dylan Elliott email from 3 Jul 2024","5","3","3","180","5","1","20 lbs","100%","9","shoulders, back",NA,NA,"Physiotherapy",NA,NA,NA,NA,NA
"7/6/2024","H01","Climbing approach/descent","Straightforward hiking with no significant technical or snow travel","3-7","#N/A","#N/A","#N/A","3","45","20 lbs","100%","8","legs","Hiking to Above it All then down to Gonzalez Creek Wall","Not feeling at my fittest for hiking","Hiking",NA,NA,NA,NA,NA
"7/6/2024","O02","Outdoor route climbing","Climbing routes around or lower than onsight difficulty","5-7","#N/A","#N/A","#N/A","6","50","bw","100%","7","legs, forearms","Climbing Watch it Burn and p1 of Candyland","Felt good but R shoulder sore on gaston moves","Climbing",NA,NA,NA,NA,NA
"7/7/2024","O02","Outdoor route climbing","Climbing routes around or lower than onsight difficulty","5-7","#N/A","#N/A","#N/A","6","50","bw","100%","8","legs, fingers, forearms","Climbing at the Pillary. Easy pitches and one 5.11c","Sleepy. Only got about 6h rest the previous night. Body felt ok though","Climbing",NA,NA,NA,NA,NA
"7/7/2024","H01","Climbing approach/descent","Straightforward hiking with no significant technical or snow travel","3-7","#N/A","#N/A","#N/A","2","30","15 lbs","100%","10","legs","Hiking to and from the Pillary",NA,"Hiking",NA,NA,NA,NA,NA
"7/8/2024","P01","2-arm isometric lock-offs","Static holds at 135 and 90 deg with palms facing toward and away on bar. See details in Dylan Elliott email from 3 July 2024.","5","3","6","180","5","2","bw","100%","9","shoulders, biceps",NA,NA,"Physiotherapy",NA,NA,NA,NA,NA
"7/8/2024","P02","Kettlebell isometric holds","Arm bent at 90deg hold; see Dylan Elliott email from 3 Jul 2024","5","3","3","180","5","1","20 lbs","100%","9","shoulders, back",NA,NA,"Physiotherapy",NA,NA,NA,NA,NA
"7/9/2024","P02","Kettlebell isometric holds","Arm bent at 90deg hold; see Dylan Elliott email from 3 Jul 2024","5","3","3","180","5","1","20 lbs","100%","8","shoulders, back",NA,"AM massage; bicep and rotator cuff still achy","Physiotherapy",NA,NA,NA,NA,NA
"7/9/2024","P01","2-arm isometric lock-offs","Static holds at 135 and 90 deg with palms facing toward and away on bar. See details in Dylan Elliott email from 3 July 2024.","5","3","6","180","5","2","bw","100%","8","shoulders, biceps",NA,"AM massage; traps feel tight","Physiotherapy",NA,NA,NA,NA,NA
"7/9/2024","K01","Whitewater Class III","Kayaking on a class III whitewater run","5-8","#N/A","#N/A","#N/A","6","45","bw","100%","7","shoulders, back, biceps, triceps","Mamquam lap","R shoulder felt a bit sore at beginning of run","Kayaking",NA,NA,NA,NA,NA
"7/9/2024","H02","Kayak carry","Hiking while carrying a kayak","3-5","#N/A","#N/A","#N/A","5","20","50 lbs","100%","6","legs, shoulders","Hike shuttling Mamquam","R shoulder sore while carrying","Hiking",NA,NA,NA,NA,NA
"7/10/2024","P01","2-arm isometric lock-offs","Static holds at 135 and 90 deg with palms facing toward and away on bar. See details in Dylan Elliott email from 3 July 2024.","5","3","6","180","3","2","bw","50%","7","shoulders, biceps",NA,NA,"Physiotherapy",NA,NA,NA,NA,NA
"7/10/2024","O01","Outdoor route projecting","Climbing routes harder than onsight difficulty","8-10","#N/A","#N/A","#N/A","9","50","bw","100%","7","fingers, legs, forearms, shoulders","2.5 times up Insomnia. Sent on third go.","R bicep and shoulder and R ring finger aching after the session.","Climbing",NA,NA,NA,NA,NA
"7/12/2024","P01","2-arm isometric lock-offs","Static holds at 135 and 90 deg with palms facing toward and away on bar. See details in Dylan Elliott email from 3 July 2024.","5","3","6","180","4","2","bw","50%","8","shoulders, biceps",NA,"Massage earlier","Physiotherapy",NA,NA,NA,NA,NA
"7/12/2024","P02","Kettlebell isometric holds","Arm bent at 90deg hold; see Dylan Elliott email from 3 Jul 2024","5","3","3","180","5","1","22.5 lbs","100%","8","shoulders, back",NA,"Massage earlier","Physiotherapy",NA,NA,NA,NA,NA
"7/12/2024","E01","Moderate repeaters","Longer duration repeaters around or below bodyweight","7-9","6","12","240","8","12","-30 lbs","100%","6","fingers, forearms, shoulders","Lighter weight than usual","R shoulder was failing well before left. R ring finger was sore but no pain the next day.","Endurance",NA,NA,NA,NA,NA
"7/12/2024","S01","Moderate bench press","Bench press reps at ~70-80% of max","7","3","6","180","6","2","135 lbs","50%","3","chest, triceps",NA,"R shoulder instable, L wrist hurt too much to do third set","Strength & conditioning",NA,NA,NA,NA,NA
"7/14/2024","H01","Climbing approach/descent","Straightforward hiking with no significant technical or snow travel","3-7","#N/A","#N/A","#N/A","5","100","20 lbs","100%","6","legs","Approach and descent from Polaris","Poor nutrition on route led to pretty shaky legs on the descent","Hiking",NA,NA,NA,NA,NA
"7/14/2024","O02","Outdoor route climbing","Climbing routes around or lower than onsight difficulty","5-7","#N/A","#N/A","#N/A","8","270","10 lbs","100%","6","legs, fingers, shoulders, forearms, back, biceps","Polaris","R shoulder shaky on some harder moves. Exacerbated by poor nutrition and hydration on route. Very sore the next day","Climbing",NA,NA,NA,NA,NA
"7/16/2024","P01","2-arm isometric lock-offs","Static holds at 135 and 90 deg with palms facing toward and away on bar. See details in Dylan Elliott email from 3 July 2024.","5","3","6","180","7","2","20 lbs","100%","8","shoulders, biceps","Held for 20s this time","generally sore from Polaris but no specific R shoulder soreness","Physiotherapy",NA,NA,NA,NA,NA
"7/16/2024","P02","Kettlebell isometric holds","Arm bent at 90deg hold; see Dylan Elliott email from 3 Jul 2024","5","3","3","180","7","1","bw","100%","8","shoulders, back","held for 20s this time","generally sore from Polaris but no specific R shoulder soreness","Physiotherapy",NA,NA,NA,NA,NA
"7/18/2024","P02","Kettlebell isometric holds","Arm bent at 90deg hold; see Dylan Elliott email from 3 Jul 2024","5","3","3","180","4","1","20 lbs","100%","10","shoulders, back","20s reps","no pain","Physiotherapy",NA,NA,NA,NA,NA
"7/19/2024","P01","2-arm isometric lock-offs","Static holds at 135 and 90 deg with palms facing toward and away on bar. See details in Dylan Elliott email from 3 July 2024.","5","3","6","180","7","2","bw","100%","6","shoulders, biceps","20s reps","Some shoulder discomfort; stomach feeling funny","Physiotherapy",NA,NA,NA,NA,NA
"7/20/2024","H01","Climbing approach/descent","Straightforward hiking with no significant technical or snow travel","3-7","#N/A","#N/A","#N/A","10","270","20 lbs","100%","5","legs","Hike to East Creek; 1300m elevation gain, ~30C at the trailhead","Borderline heat exhaustion for the first half of the hike","Hiking",NA,NA,NA,NA,NA
"7/21/2024","O02","Outdoor route climbing","Climbing routes around or lower than onsight difficulty","5-7","#N/A","#N/A","#N/A","8","150","10 lbs","100%","8","legs, fingers, shoulders, forearms, back","Solitary Confinement","Felt pretty solid in climbing fitness, despite mediocre sleep the night before","Climbing",NA,NA,NA,NA,NA
"7/21/2024","H01","Climbing approach/descent","Straightforward hiking with no significant technical or snow travel","3-7","#N/A","#N/A","#N/A","3","60","30 lbs","100%","4","legs","Approach and descent from Solitary Confinement","Felt pretty bad hiking in the heat and smoke. Luckily it was a pretty easy hike","Hiking",NA,NA,NA,NA,NA
"7/22/2024","H01","Climbing approach/descent","Straightforward hiking with no significant technical or snow travel","3-7","#N/A","#N/A","#N/A","8","150","5 lbs","100%","6","legs","North Howser scouting mission from East Creek; 500m vert?","Brutal hiking conditions on the way back: very hot (>25C?) and quite tired from the previous day","Hiking",NA,NA,NA,NA,NA
"7/23/2024","H01","Climbing approach/descent","Straightforward hiking with no significant technical or snow travel","3-7","#N/A","#N/A","#N/A","7","120","35 lbs","100%","3","legs","North Howser approach from East Creek","Awful sleep the night before and still tired from the previous day's hike. Lagged well in the back the whole way.","Hiking",NA,NA,NA,NA,NA
"7/23/2024","O02","Outdoor route climbing","Climbing routes around or lower than onsight difficulty","5-7","#N/A","#N/A","#N/A","6","300","15 lbs","100%","7","legs, back, shoulders, triceps","Climbing pitches 1-10 on All Along the Watchtower","Climbing shape felt mostly good, mental shape was rattled","Climbing",NA,NA,NA,NA,NA
"7/24/2024","O02","Outdoor route climbing","Climbing routes around or lower than onsight difficulty","5-7","#N/A","#N/A","#N/A","10","360","15 lbs","100%","5","fingers, shoulders, forearms, legs, back, triceps, biceps","Climbing pitches 11-18 and scrambling to second bivy on All Along the Watchtower","Despite a pretty good sleep the night before, my body was poorly recovered and all the 5.11 climbing felt quite hard.","Climbing",NA,NA,NA,NA,NA
"7/25/2024","O02","Outdoor route climbing","Climbing routes around or lower than onsight difficulty","5-7","#N/A","#N/A","#N/A","7","90","30 lbs","100%","0","legs","Climbing to North Howser summit","Bad sleep and horrendous smoke/ash made this a desperate endeavour","Climbing",NA,NA,NA,NA,NA
"7/25/2024","H01","Climbing approach/descent","Straightforward hiking with no significant technical or snow travel","3-7","#N/A","#N/A","#N/A","4","90","30 lbs","100%","1","legs","Hike from North Howser basin back to East Creek","Spirits were better and I forced down a Clif bar but still totally strung out","Hiking",NA,NA,NA,NA,NA
"7/26/2024","P01","2-arm isometric lock-offs","Static holds at 135 and 90 deg with palms facing toward and away on bar. See details in Dylan Elliott email from 3 July 2024.","5","3","6","180","5","2","bw","100%","7","shoulders, biceps","20s reps","no pain","Physiotherapy",NA,NA,NA,NA,NA
"7/26/2024","P02","Kettlebell isometric holds","Arm bent at 90deg hold; see Dylan Elliott email from 3 Jul 2024","5","3","3","180","3","1","20 lbs","100%","8","shoulders, back","20s reps","no pain","Physiotherapy",NA,NA,NA,NA,NA
"7/26/2024","P03","Shoulder protraction/retraction","Use exercise band and twist through torse/mid back. See Nina notes from 19 July 2024","2-4","3","8-10","180","2","1","20 lbs","100%","8","shoulders, back","8 reps per set","no pain","Physiotherapy",NA,NA,NA,NA,NA
"7/27/2024","O02","Outdoor route climbing","Climbing routes around or lower than onsight difficulty","5-7","#N/A","#N/A","#N/A","3","10","bw","100%","6","fingers","Climbing chossy 5.11 route at Conspiracy Wall in Cougar Canyon",NA,"Climbing",NA,NA,NA,NA,NA
"7/28/2024","O02","Outdoor route climbing","Climbing routes around or lower than onsight difficulty","5-7","#N/A","#N/A","#N/A","8","45","bw","100%","4","fingers, legs, shoulders","Climbing at Aberdeen Columns up to 5.11d (fell)","Worked through quite a bit of R and L shoulder discomfort during warm-ups/prep","Climbing",NA,NA,NA,NA,NA
"7/31/2024","P01","2-arm isometric lock-offs","Static holds at 135 and 90 deg with palms facing toward and away on bar. See details in Dylan Elliott email from 3 July 2024.","5","3","6","180","6","2","bw","100%","7","shoulders, biceps","20s reps","Dillon appt earlier in the day","Physiotherapy",NA,NA,NA,NA,NA
"7/31/2024","P02","Kettlebell isometric holds","Arm bent at 90deg hold; see Dylan Elliott email from 3 Jul 2024","5","3","3","180","5","1","25 lbs","100%","8","shoulders, back","20s reps","Dillon appt earlier in the day","Physiotherapy",NA,NA,NA,NA,NA
"7/31/2024","P03","Shoulder protraction/retraction","Use exercise band and twist through torse/mid back. See Nina notes from 19 July 2024","2-4","3","8-10","180","2","1","40 lbs","33%","8","shoulders, back","Just did one set","no pain","Physiotherapy",NA,NA,NA,NA,NA
"7/31/2024","M01","Unstructured upper body mobility","ad hoc stretching or mobility targeting upper body","1-3","1","10","60","1","3","bw","30%","4","shoulders, chest","Focused on shoulders and chest","Still sore from the Watchtower?","Mobility",NA,NA,NA,NA,NA
"7/31/2024","M02","Unstructured lower body mobility","ad hoc stretching or mobility targeting lower body","1-3","1","10","60","1","2","bw","20%","3","legs",NA,"Very sore from Seamus' bday capture the flag. Flexibility quite limited","Mobility",NA,NA,NA,NA,NA
"8/2/2024","P04","Shoulder external rotators","External rotation with dumbell or exercise band with elbow at 90deg and supported behind knee. See Dylan email from 31 July 2021","6","3","10","180","3","1","15 lbs","66%","5","infraspinatus, teres minor","Using resistance band","R shoulder still pinching pain","Physiotherapy",NA,NA,NA,NA,NA
"8/3/2024","P04","Shoulder external rotators","External rotation with dumbell or exercise band with elbow at 90deg and supported behind knee. See Dylan email from 31 July 2021","6","3","10","180","4","1","12 lbs","80%","6","infraspinatus, teres minor","Using dumbell",NA,"Physiotherapy",NA,NA,NA,NA,NA
"8/3/2024","P03","Shoulder protraction/retraction","Use exercise band and twist through torse/mid back. See Nina notes from 19 July 2024","2-4","3","8-10","180","2","2","30 lbs","100%","4","shoulders, back","Using heavier resistance band at SAC",NA,"Physiotherapy",NA,NA,NA,NA,NA
"8/3/2024","P01","2-arm isometric lock-offs","Static holds at 135 and 90 deg with palms facing toward and away on bar. See details in Dylan Elliott email from 3 July 2024.","5","3","6","180","2","1","bw","33%","5","shoulders, biceps",NA,NA,"Physiotherapy",NA,NA,NA,NA,NA
"8/3/2024","W01","Unstructured finger warm-up","ad hoc finger, hand, and forearm warm-up exercises","5","3","10","120","5","1","70 lbs","100%","8","fingers","Using red resistance band doubled 4 times","fingers felt strong","Warm-up",NA,NA,NA,NA,NA
"8/3/2024","W02","Unstructured lower body warm-up","ad hoc exercises, mobility, or stretches targeting lower body (primarily for climbing)","2-4","3","10","120","3","1","bw","67%","6","legs",NA,"Legs stiff still","Warm-up",NA,NA,NA,NA,NA
"8/3/2024","W03","Unstructured climbing warm-up","ad hoc on the wall warm-up activities","3","#N/A","#N/A","#N/A","6","5","bw","100%","3","shoulders, back, biceps, triceps","Random spray wall moves at SAC","felt heavy and endurance quite lacking","Warm-up",NA,NA,NA,NA,NA
"8/3/2024","O03","Board climbing","unstructured session on a training board","6-10","#N/A","#N/A","#N/A","7","12","bw","100%","5","fingers, shoulders","V1-V4 random climbs on TB2","shoulders, particularly R, feeling weak.","Climbing",NA,NA,NA,NA,NA
"8/3/2024","E02","1-on-2-off","One minute on the wall, two minutes of rest. Relatively easy (5.11) climbing","6-8","10","1","120","4","4","bw","40%","4","fingers, shoulders, forearms, upper back","Jugs on 47deg spray wall at SAC","Feeling possible R middle finger pulley strain","Endurance",NA,NA,NA,NA,NA
"8/3/2024","S01","Moderate bench press","Bench press reps at ~70-80% of max","7","3","6","180","6","1","155 lbs","100%","6","chest, triceps","Using bench press machine at SAC","R shoulder feels unstable but the machine glide action helps a lot to fight it","Strength & conditioning",NA,NA,NA,NA,NA
"8/4/2024","H01","Climbing approach/descent","Straightforward hiking with no significant technical or snow travel","3-7","#N/A","#N/A","#N/A","2","60","15 lbs","100%","8","legs","Brittania Creek canyoneering",NA,"Hiking",NA,NA,NA,NA,NA
"8/5/2024","P03","Shoulder protraction/retraction","Use exercise band and twist through torse/mid back. See Nina notes from 19 July 2024","2-4","3","8-10","180","4","2","40 lbs","100%","8","shoulders, back","Warming up at Ride the Lightning boulders","R shoulder feeling best so far this week","Physiotherapy",NA,NA,NA,NA,NA
"8/5/2024","W01","Unstructured finger warm-up","ad hoc finger, hand, and forearm warm-up exercises","5","3","10","120","5","1","80 lbs","80%","8","fingers","Warming up at Ride the Lightning boulders","L middle finger feeling ok","Warm-up",NA,NA,NA,NA,NA
"8/5/2024","P04","Shoulder external rotators","External rotation with dumbell or exercise band with elbow at 90deg and supported behind knee. See Dylan email from 31 July 2021","6","3","10","180","6","2","25 lbs","100%","8","infraspinatus, teres minor","Warming up at Ride the Lightning boulders","R shoulder feeling ok","Physiotherapy",NA,NA,NA,NA,NA
"8/5/2024","O04","Moderate outdoor bouldering","Outdoor bouldering at or below flash grade","4-8","#N/A","#N/A","#N/A","7","6","bw","100%","8","forearms, shoulders, biceps, upper back","Sunshine & Lollipops, Heartbreak Hotel, 21st Century Digital Boy, Fear of the Millennium","All felt great except R shoulder still somewhat weak","Climbing",NA,NA,NA,NA,NA
"8/5/2024","P01","2-arm isometric lock-offs","Static holds at 135 and 90 deg with palms facing toward and away on bar. See details in Dylan Elliott email from 3 July 2024.","5","3","6","180","5","2","bw","100%","8","shoulders, biceps","20s holds",NA,"Physiotherapy",NA,NA,NA,NA,NA
"8/6/2024","P01","2-arm isometric lock-offs","Static holds at 135 and 90 deg with palms facing toward and away on bar. See details in Dylan Elliott email from 3 July 2024.","5","3","6","180","5","1","bw","50%","8","shoulders, biceps","20s holds","Massage just prior","Physiotherapy",NA,NA,NA,NA,NA
"8/7/2024","P02","Kettlebell isometric holds","Arm bent at 90deg hold; see Dylan Elliott email from 3 Jul 2024","5","3","3","180","4","2","25 lbs","100%","7","shoulders, back","20s holds; non-contiguous sets (breaks up to 40min between)",NA,"Physiotherapy",NA,NA,NA,NA,NA
"8/7/2024","S07","Emil's no-hangs","Moderate (< bw) hangs in varying grip positions","1-4","6","6","20","3","3","100 lbs","100%","9","fingers",NA,"Fingers feeling strong","Strength & conditioning",NA,NA,NA,NA,NA
"8/7/2024","O02","Outdoor route climbing","Climbing routes around or lower than onsight difficulty","5-7","#N/A","#N/A","#N/A","2","10","5 lbs","100%","9","legs","Two easy pitches at the Commonwealth with Natasha","No notable physical discomfort","Climbing",NA,NA,NA,NA,NA
"8/8/2024","P01","2-arm isometric lock-offs","Static holds at 135 and 90 deg with palms facing toward and away on bar. See details in Dylan Elliott email from 3 July 2024.","5","3","6","180","4","1","bw","50%","8","shoulders, biceps","20s holds",NA,"Physiotherapy",NA,NA,NA,NA,NA
"8/8/2024","P02","Kettlebell isometric holds","Arm bent at 90deg hold; see Dylan Elliott email from 3 Jul 2024","5","3","3","180","2","1","25 lbs","33%","8","shoulders, back",NA,NA,"Physiotherapy",NA,NA,NA,NA,NA
"8/8/2024","W01","Unstructured finger warm-up","ad hoc finger, hand, and forearm warm-up exercises","5","3","10","120","2","1","50 lbs","33%","9","fingers","Few pulls with the band doubled up on a tree","Fingers feeling good","Warm-up",NA,NA,NA,NA,NA
"8/8/2024","O01","Outdoor route projecting","Climbing routes harder than onsight difficulty","8-10","#N/A","#N/A","#N/A","8","50","bw","100%","9","fingers, forearms, shoulders","Warm up on 11c, then The Ghost (send!), then one burn on Rocket","Fingers and shoulder felt ok! No notable pain","Climbing",NA,NA,NA,NA,NA
"8/8/2024","H01","Climbing approach/descent","Straightforward hiking with no significant technical or snow travel","3-7","#N/A","#N/A","#N/A","1","20","20 lbs","100%","10","legs","Pet Wall approach/descent",NA,"Hiking",NA,NA,NA,NA,NA
"8/10/2024","H01","Climbing approach/descent","Straightforward hiking with no significant technical or snow travel","3-7","#N/A","#N/A","#N/A","4","70","bw","100%","10","legs","Box canyon approach/descent",NA,"Hiking",NA,NA,NA,NA,NA
"8/11/2024","H01","Climbing approach/descent","Straightforward hiking with no significant technical or snow travel","3-7","#N/A","#N/A","#N/A","7","240","5 lbs","100%","9","legs","Hike/bail from Tricouni then Evac trail with Wendy",NA,"Hiking",NA,NA,NA,NA,NA
"8/12/2024","E03","1-on-1-off","One minute on the wall, one minute of rest. Relatively easy (5.11) climbing","7-9","10","1","60","8","10","bw","100%","9","forearms, shoulders, biceps, upper back","SAC 47 degree spraywall","didn't notice shoulder or finger issues. skin feels loose","Endurance",NA,NA,NA,NA,NA
"8/12/2024","P01","2-arm isometric lock-offs","Static holds at 135 and 90 deg with palms facing toward and away on bar. See details in Dylan Elliott email from 3 July 2024.","5","3","6","180","4","1","bw","33%","10","shoulders, biceps",NA,NA,"Physiotherapy",NA,NA,NA,NA,NA
"8/12/2024","W01","Unstructured finger warm-up","ad hoc finger, hand, and forearm warm-up exercises","5","3","10","120","5","1","80 lbs","100%","10","fingers","unlevel edge band pulls (red band at SAC *4)",NA,"Warm-up",NA,NA,NA,NA,NA
"8/12/2024","P04","Shoulder external rotators","External rotation with dumbell or exercise band with elbow at 90deg and supported behind knee. See Dylan email from 31 July 2021","6","3","10","180","3","2","12 lbs","100%","9","infraspinatus, teres minor",NA,NA,"Physiotherapy",NA,NA,NA,NA,NA
"8/12/2024","P03","Shoulder protraction/retraction","Use exercise band and twist through torse/mid back. See Nina notes from 19 July 2024","2-4","3","8-10","180","3","1","70 lbs","80%","9","shoulders, back",NA,NA,"Physiotherapy",NA,NA,NA,NA,NA
"8/12/2024","W03","Unstructured climbing warm-up","ad hoc on the wall warm-up activities","3","#N/A","#N/A","#N/A","3","3","bw","100%","9","legs, fingers",NA,NA,"Warm-up",NA,NA,NA,NA,NA
"8/12/2024","S08","Overhead press","Overhead press with dumbells and wrist pronation at top","6-9","3","6","180","8","2","35 lbs","100%","8","shoulders, triceps",NA,"R shoulder somewhat unstable","Strength & conditioning",NA,NA,NA,NA,NA
"8/13/2024","O02","Outdoor route climbing","Climbing routes around or lower than onsight difficulty","5-7","#N/A","#N/A","#N/A","8","60","bw","100%","9","fingers, shoulders, legs","Climbing 5.12- pitches at Paradise; 3 new 5.12a-5.12b routes","R shoulder somewhat unstable","Climbing",NA,NA,NA,NA,NA
"8/13/2024","H01","Climbing approach/descent","Straightforward hiking with no significant technical or snow travel","3-7","#N/A","#N/A","#N/A","3","35","15 lbs","100%","10","legs","Paradise approach/descent",NA,"Hiking",NA,NA,NA,NA,NA
"8/15/2024","S08","Overhead press","Overhead press with dumbells and wrist pronation at top","6-9","3","6","180","5","1","25 lbs","100%","10","shoulders, triceps","Using exercise band at home; 10 reps","No notable pain in R shoulder","Strength & conditioning",NA,NA,NA,NA,NA
"8/15/2024","W04","Unstructured upper body warm-up","ad hoc exercises targeting upper body muscle groups and mobility","4","3","10","120","6","2","60 lbs","100%","8","shoulders","Exercise band two-handed Y's",NA,"Warm-up",NA,NA,NA,NA,NA
"8/15/2024","K01","Whitewater Class III","Kayaking on a class III whitewater run","5-8","#N/A","#N/A","#N/A","7","90","bw","100%","8","shoulders, back, biceps, triceps","Dam run with Seamus; walked Alpine Drop","Shoulder somewhat twingy feeling","Kayaking",NA,NA,NA,NA,NA
"8/16/2024","O04","Moderate outdoor bouldering","Outdoor bouldering at or below flash grade","4-8","#N/A","#N/A","#N/A","7","15","bw","100%","8","fingers, shoulders","Nightmare Rock boulders, Five Star pillar","Feeing some wrist tweak, and skin a bit funny","Climbing",NA,NA,NA,NA,NA
"8/16/2024","W01","Unstructured finger warm-up","ad hoc finger, hand, and forearm warm-up exercises","5","3","10","120","3","1","40 lbs","100%","9","fingers",NA,NA,"Warm-up",NA,NA,NA,NA,NA
"8/16/2024","W04","Unstructured upper body warm-up","ad hoc exercises targeting upper body muscle groups and mobility","4","3","10","120","3","1","40 lbs","100%","9","shoulders",NA,NA,"Warm-up",NA,NA,NA,NA,NA
"8/17/2024","O04","Moderate outdoor bouldering","Outdoor bouldering at or below flash grade","4-8","#N/A","#N/A","#N/A","8","45","bw","100%","8","fingers, shoulders, back","Bouldering around Watermelon Sugar (Gonzalez ck)","started tweaking out L shoulder while stubbornly trying Watermelon Sugar","Climbing",NA,NA,NA,NA,NA
"8/17/2024","O05","Outdoor boulder projecting","Working problems too hard to do in one session","8-10","#N/A","#N/A","#N/A","8","15","bw","100%","8","fingers","Working second move on Caracol",NA,"Climbing",NA,NA,NA,NA,NA
"8/17/2024","W01","Unstructured finger warm-up","ad hoc finger, hand, and forearm warm-up exercises","5","3","10","120","6","1","75 lbs","100%","9","fingers",NA,NA,"Warm-up",NA,NA,NA,NA,NA
"8/17/2024","P04","Shoulder external rotators","External rotation with dumbell or exercise band with elbow at 90deg and supported behind knee. See Dylan email from 31 July 2021","6","3","10","180","3","1","50 lbs","33%","9","infraspinatus, teres minor",NA,NA,"Physiotherapy",NA,NA,NA,NA,NA
"8/17/2024","W04","Unstructured upper body warm-up","ad hoc exercises targeting upper body muscle groups and mobility","4","3","10","120","4","5","25 lbs","100%","9","shoulders",NA,NA,"Warm-up",NA,NA,NA,NA,NA
"8/17/2024","W03","Unstructured climbing warm-up","ad hoc on the wall warm-up activities","3","#N/A","#N/A","#N/A","3","2","bw","100%","8","Shoulders, biceps","Random V0s at Watermelon sugar",NA,"Warm-up",NA,NA,NA,NA,NA
"8/17/2024","H01","Climbing approach/descent","Straightforward hiking with no significant technical or snow travel","3-7","#N/A","#N/A","#N/A","4","30","40 lbs","100%","9","legs","Approach/descent at Gonzalez Ck",NA,"Hiking",NA,NA,NA,NA,NA
"8/18/2024","P04","Shoulder external rotators","External rotation with dumbell or exercise band with elbow at 90deg and supported behind knee. See Dylan email from 31 July 2021","6","3","10","180","3","1","45 lbs","50%","9","infraspinatus, teres minor",NA,NA,"Physiotherapy",NA,NA,NA,NA,NA
"8/18/2024","P01","2-arm isometric lock-offs","Static holds at 135 and 90 deg with palms facing toward and away on bar. See details in Dylan Elliott email from 3 July 2024.","5","3","6","180","4","1","bw","50%","8","shoulders, biceps",NA,NA,"Physiotherapy",NA,NA,NA,NA,NA
"8/18/2024","W01","Unstructured finger warm-up","ad hoc finger, hand, and forearm warm-up exercises","5","3","10","120","6","1","75 lbs","100%","8","fingers",NA,"Taper R ring finger owing to some lingering tenderness","Warm-up",NA,NA,NA,NA,NA
"8/18/2024","E04","6-in-6","6 problems in 6 minutes, around flash grade. Full description on crimpd app.","8-10","3","6","300","8","6","bw","100%","7","shoulders, fingers, forearms, biceps, triceps","V4 classics on TB2","skin biggest limiting factor","Endurance",NA,NA,NA,NA,NA
"8/18/2024","S01","Moderate bench press","Bench press reps at ~70-80% of max","7","3","6","180","7","2","155 lbs","100%","8","chest, triceps",NA,"R shoulder still unstable but better than last time","Strength & conditioning",NA,NA,NA,NA,NA
"8/19/2024","S01","Moderate bench press","Bench press reps at ~70-80% of max","7","3","6","180","8","0","122 lbs","33%","6","chest, triceps","Bench pressing Natasha","R shoulder sorer than yesterday","Strength & conditioning",NA,NA,NA,NA,NA
"8/20/2024","S07","Emil's no-hangs","Moderate (< bw) hangs in varying grip positions","1-4","6","6","20","3","3","65 lbs","100%","8","fingers",NA,NA,"Strength & conditioning",NA,NA,NA,NA,NA
"8/20/2024","P05","Supine external rotation","Isolate the subscapularis muscle with slow rotations between 30-90 degrees. See Nina email from 20 August 2024","7","3","6","180","7","3","5 lbs","67%","6","subscapularis","initial session with Nina","L shoulder felt tweaky until I lightly disengaged my scapula","Physiotherapy",NA,NA,NA,NA,NA
"8/20/2024","P06","Supine side raises","Isolate the supraspinatus muscle with arm raises while laying on side. See details in Nina email from 20 August 2024","7","3","6","180","7","1","5 lbs","33%","9","supraspinatus","initial session with Nina",NA,"Physiotherapy",NA,NA,NA,NA,NA
"8/21/2024","O01","Outdoor route projecting","Climbing routes harder than onsight difficulty","8-10","#N/A","#N/A","#N/A","9","20","bw","100%","8","shoulders, biceps, fingers, forearms, legs","Awesome first session back on Spirit","Shoulders felt tired and a bit sore before/during, but warm-up was helpful","Climbing",NA,NA,NA,NA,NA
"8/21/2024","H01","Climbing approach/descent","Straightforward hiking with no significant technical or snow travel","3-7","#N/A","#N/A","#N/A","4","35","20 lbs","100%","10","legs","Paradise approach/descent",NA,"Hiking",NA,NA,NA,NA,NA
"8/21/2024","W01","Unstructured finger warm-up","ad hoc finger, hand, and forearm warm-up exercises","5","3","10","120","4","1","60 lbs","100%","9","fingers","band pulls at the crag",NA,"Warm-up",NA,NA,NA,NA,NA
"8/21/2024","W03","Unstructured climbing warm-up","ad hoc on the wall warm-up activities","3","#N/A","#N/A","#N/A","6","8","bw","100%","9","fingers, shoulders","Spirit Quest warm-up","Fingers felt great, didn't really notice my shoulder","Warm-up",NA,NA,NA,NA,NA
"8/21/2024","W04","Unstructured upper body warm-up","ad hoc exercises targeting upper body muscle groups and mobility","4","3","10","120","5","3","30 lbs","100%","6","shoulders","Random band pulls from physio exercises","both shoulders feeling twingy in their own way","Warm-up",NA,NA,NA,NA,NA
"8/23/2024","E01","Moderate repeaters","Longer duration repeaters around or below bodyweight","7-9","6","12","240","9","12","bw","100%","7","fingers, forearms, shoulders","30mm edge, failed on 50% of reps during last set","R shoulder (trap) a bit sore and weak feeling","Endurance",NA,NA,NA,NA,NA
"8/23/2024","W04","Unstructured upper body warm-up","ad hoc exercises targeting upper body muscle groups and mobility","4","3","10","120","5","5","bw","100%","7","shoulders",NA,NA,"Warm-up",NA,NA,NA,NA,NA
"8/23/2024","W01","Unstructured finger warm-up","ad hoc finger, hand, and forearm warm-up exercises","5","3","10","120","7","2","80 lbs","100%","9","fingers","Band pulls (red band @400%) with unlevel edge",NA,"Warm-up",NA,NA,NA,NA,NA
"8/23/2024","S08","Overhead press","Overhead press with dumbells and wrist pronation at top","6-9","3","6","180","8","1","40 lbs","100%","8","shoulders, triceps","First time trying 40 (per side)",NA,"Strength & conditioning",NA,NA,NA,NA,NA
"8/23/2024","S01","Moderate bench press","Bench press reps at ~70-80% of max","7","3","6","180","9","1","155 lbs","100%","7","chest, triceps",NA,"Still fighting that R shoulder weakness","Strength & conditioning",NA,NA,NA,NA,NA
"8/23/2024","M01","Unstructured upper body mobility","ad hoc stretching or mobility targeting upper body","1-3","1","10","60","2","3","bw","100%","9","pecs","pecs stretch",NA,"Mobility",NA,NA,NA,NA,NA
"8/25/2024","O01","Outdoor route projecting","Climbing routes harder than onsight difficulty","8-10","#N/A","#N/A","#N/A","10","35","bw","100%","7","shoulders, biceps, fingers, forearms, legs","1.5 burns on Spirit","Shoulders felt weak especially on second burn","Climbing",NA,NA,NA,NA,NA
"8/25/2024","H01","Climbing approach/descent","Straightforward hiking with no significant technical or snow travel","3-7","#N/A","#N/A","#N/A","5","35","20 lbs","100%","10","legs","Paradise approach/descent",NA,"Hiking",NA,NA,NA,NA,NA
"8/25/2024","W03","Unstructured climbing warm-up","ad hoc on the wall warm-up activities","3","#N/A","#N/A","#N/A","6","8","bw","100%","8","fingers, shoulders","Spirit Quest warm up",NA,"Warm-up",NA,NA,NA,NA,NA
"8/25/2024","W01","Unstructured finger warm-up","ad hoc finger, hand, and forearm warm-up exercises","5","3","10","120","6","1","70 lbs","100%","7","fingers",NA,NA,"Warm-up",NA,NA,NA,NA,NA
"8/25/2024","W04","Unstructured upper body warm-up","ad hoc exercises targeting upper body muscle groups and mobility","4","3","10","120","3","2","30 lbs","100%","7","shoulders",NA,NA,"Warm-up",NA,NA,NA,NA,NA
"8/26/2024","P05","Supine external rotation","Isolate the subscapularis muscle with slow rotations between 30-90 degrees. See Nina email from 20 August 2024","7","3","6","180","7","2","5 lbs","100%","7","subscapularis","At home using 5lb plates","L shoulder still struggling much more than right","Physiotherapy",NA,NA,NA,NA,NA
"8/26/2024","P06","Supine side raises","Isolate the supraspinatus muscle with arm raises while laying on side. See details in Nina email from 20 August 2024","7","3","6","180","4","1","5 lbs","100%","8","supraspinatus",NA,NA,"Physiotherapy",NA,NA,NA,NA,NA
"8/27/2024","O04","Moderate outdoor bouldering","Outdoor bouldering at or below flash grade","4-8","#N/A","#N/A","#N/A","8","5","bw","100%","9","fingers, shoulders, R hamstring, biceps","Flashed Sirius (V8) and climbed Super Sirius (V9) second go","everything felt solid!","Climbing",NA,NA,NA,NA,NA
"8/27/2024","W01","Unstructured finger warm-up","ad hoc finger, hand, and forearm warm-up exercises","5","3","10","120","5","2","75 lbs","100%","10","fingers",NA,NA,"Warm-up",NA,NA,NA,NA,NA
"8/27/2024","W04","Unstructured upper body warm-up","ad hoc exercises targeting upper body muscle groups and mobility","4","3","10","120","3","1","40 lbs","100%","8","shoulders","Band pulls mostly targeting rotator cuff","R shoulder feeling somewhat weak","Warm-up",NA,NA,NA,NA,NA
"8/27/2024","W02","Unstructured lower body warm-up","ad hoc exercises, mobility, or stretches targeting lower body (primarily for climbing)","2-4","3","10","120","4","1","40 lbs","100%","10","legs","Hamstring curls and some side-to-side squats",NA,"Warm-up",NA,NA,NA,NA,NA
"8/27/2024","H01","Climbing approach/descent","Straightforward hiking with no significant technical or snow travel","3-7","#N/A","#N/A","#N/A","3","20","30 lbs","100%","10","legs","Approach/descent from Astroman boulder",NA,"Hiking",NA,NA,NA,NA,NA
"8/29/2024","H03","Trail run","Runner's pace/heart rate zone","6-10","#N/A","#N/A","#N/A","6","95","bw","100%","10","legs","Third peak ascent/descent","felt like cardio and leg muscles were similarly limiting","Hiking",NA,NA,NA,NA,NA
"8/30/2024","S07","Emil's no-hangs","Moderate (< bw) hangs in varying grip positions","1-4","6","6","20","3","3","60 lbs","100%","9","fingers",NA,NA,"Strength & conditioning",NA,NA,NA,NA,NA
"8/30/2024","P01","2-arm isometric lock-offs","Static holds at 135 and 90 deg with palms facing toward and away on bar. See details in Dylan Elliott email from 3 July 2024.","5","3","6","180","5","3","bw","50%","9","shoulders, biceps",NA,NA,"Physiotherapy",NA,NA,NA,NA,NA
"8/31/2024","H01","Climbing approach/descent","Straightforward hiking with no significant technical or snow travel","3-7","#N/A","#N/A","#N/A","3","35","10 lbs","100%","10","legs","Paradise approach/descent",NA,"Hiking",NA,NA,NA,NA,NA
"8/31/2024","W01","Unstructured finger warm-up","ad hoc finger, hand, and forearm warm-up exercises","5","3","10","120","4","3","70 lbs","100%","9","fingers","Band pulls at the crag",NA,"Warm-up",NA,NA,NA,NA,NA
"8/31/2024","W03","Unstructured climbing warm-up","ad hoc on the wall warm-up activities","3","#N/A","#N/A","#N/A","6","8","bw","100%","9","fingers, shoulders","Spirit Quest warm up","Body felt great but was a bit sloppy climbing","Warm-up",NA,NA,NA,NA,NA
"8/31/2024","O01","Outdoor route projecting","Climbing routes harder than onsight difficulty","8-10","#N/A","#N/A","#N/A","10","35","bw","100%","9","shoulders, biceps, fingers, forearms, legs","Good progress session on SOTW","R shoulder felt a bit tweaky between burns. Definitely still aggravated to some degree.","Climbing",NA,NA,NA,NA,NA
"9/1/2024","H01","Climbing approach/descent","Straightforward hiking with no significant technical or snow travel","3-7","#N/A","#N/A","#N/A","6","30","40 lbs","100%","8","legs","Hiking in and out of/around Oblivion boulders (twice)",NA,"Hiking",NA,NA,NA,NA,NA
"9/1/2024","W01","Unstructured finger warm-up","ad hoc finger, hand, and forearm warm-up exercises","5","3","10","120","4","2","70 lbs","100%","9","fingers",NA,NA,"Warm-up",NA,NA,NA,NA,NA
"9/1/2024","W04","Unstructured upper body warm-up","ad hoc exercises targeting upper body muscle groups and mobility","4","3","10","120","4","1","40 lbs","100%","6","shoulders, back",NA,NA,"Warm-up",NA,NA,NA,NA,NA
"9/1/2024","O04","Moderate outdoor bouldering","Outdoor bouldering at or below flash grade","4-8","#N/A","#N/A","#N/A","7","2","bw","100%","8","fingers, shoulders, R hamstring","Dreamfyre (V5; excellent) plus neighboring V4","Not feeling snappy; L shoulder painful","Climbing",NA,NA,NA,NA,NA
"9/1/2024","O05","Outdoor boulder projecting","Working problems too hard to do in one session","8-10","#N/A","#N/A","#N/A","9","10","bw","100%","5","fingers, shoulders, R hamstring","working Moondancer (V8)","L shoulder feeling weak and tweaky","Climbing",NA,NA,NA,NA,NA
"9/1/2024","O06","Hard outdoor bouldering","Hard boulder problems that I can send in one session.","7-9","#N/A","#N/A","#N/A","9","5","bw","100%","5","fingers, shoulders, biceps","Impermanent Waves (V7)","Overall fatigue plus shoulder soreness","Climbing",NA,NA,NA,NA,NA
"9/4/2024","P04","Shoulder external rotators","External rotation with dumbell or exercise band with elbow at 90deg and supported behind knee. See Dylan email from 31 July 2021","6","3","10","180","6","1","15 lbs","100%","6","infraspinatus, teres minor","Standing and using black exercise band (at ferry terminal)","R shoulder feeling some pain and much weaker than L","Physiotherapy",NA,NA,NA,NA,NA
"9/4/2024","P05","Supine external rotation","Isolate the subscapularis muscle with slow rotations between 30-90 degrees. See Nina email from 20 August 2024","7","3","6","180","5","1","15 lbs","100%","8","subscapularis","Standing and using black exercise band (at ferry terminal)",NA,"Physiotherapy",NA,NA,NA,NA,NA
"9/5/2024","O02","Outdoor route climbing","Climbing routes around or lower than onsight difficulty","5-7","#N/A","#N/A","#N/A","8","60","bw","100%","8","fingers, forearms, shoulders","Single pitch trad climbs at Murrin with Rhys",NA,"Climbing",NA,NA,NA,NA,NA
"9/5/2024","H01","Climbing approach/descent","Straightforward hiking with no significant technical or snow travel","3-7","#N/A","#N/A","#N/A","3","10","10 lbs","100%","10","legs","Hike to Milkman area",NA,"Hiking",NA,NA,NA,NA,NA
"9/7/2024","H01","Climbing approach/descent","Straightforward hiking with no significant technical or snow travel","3-7","#N/A","#N/A","#N/A","6","75","30 lbs","100%","7","legs","hiking around boulderfields","struggling with the heat (>30C)","Hiking",NA,NA,NA,NA,NA
"9/7/2024","O04","Moderate outdoor bouldering","Outdoor bouldering at or below flash grade","4-8","#N/A","#N/A","#N/A","7","2","bw","100%","8","fingers, shoulders, upper back","Flashed one V4 and one V5",NA,"Climbing",NA,NA,NA,NA,NA
"9/7/2024","O06","Hard outdoor bouldering","Hard boulder problems that I can send in one session.","7-9","#N/A","#N/A","#N/A","9","13","bw","100%","6","fingers, shoulders, R hamstring","Worked out two V6s in the fields","R shoulder a notable limiting factor","Climbing",NA,NA,NA,NA,NA
"9/7/2024","O05","Outdoor boulder projecting","Working problems too hard to do in one session","8-10","#N/A","#N/A","#N/A","9","15","bw","100%","7","fingers, shoulders, back, L hamstring, forearms, biceps","Working Baby Cthulu and Purgatory","L hand crimping felt weak. Endurance felt good.","Climbing",NA,NA,NA,NA,NA
"9/7/2024","W01","Unstructured finger warm-up","ad hoc finger, hand, and forearm warm-up exercises","5","3","10","120","5","2","75 lbs","100%","9","fingers","band pulls on unlevel edge",NA,"Warm-up",NA,NA,NA,NA,NA
"9/7/2024","W04","Unstructured upper body warm-up","ad hoc exercises targeting upper body muscle groups and mobility","4","3","10","120","5","2","25 lbs","100%","5","shoulders","Various rotator cuff band pulls","R shoulder quite sore :(","Warm-up",NA,NA,NA,NA,NA
"9/8/2024","H01","Climbing approach/descent","Straightforward hiking with no significant technical or snow travel","3-7","#N/A","#N/A","#N/A","4","25","15 lbs","100%","7","legs","Small hiking around the boulderfields","Less hot","Hiking",NA,NA,NA,NA,NA
"9/8/2024","O04","Moderate outdoor bouldering","Outdoor bouldering at or below flash grade","4-8","#N/A","#N/A","#N/A","8","3","bw","100%","5","fingers, shoulders, L hamstring","One V3 and one V5","R shoulder and R ring finger pretty sore","Climbing",NA,NA,NA,NA,NA
"9/9/2024","P05","Supine external rotation","Isolate the subscapularis muscle with slow rotations between 30-90 degrees. See Nina email from 20 August 2024","7","3","6","180","7","2","8 lbs","100%","8","subscapularis",NA,"L shoulder struggles notably more","Physiotherapy",NA,NA,NA,NA,NA
"9/9/2024","P01","2-arm isometric lock-offs","Static holds at 135 and 90 deg with palms facing toward and away on bar. See details in Dylan Elliott email from 3 July 2024.","5","3","6","180","6","2","bw","100%","9","shoulders, biceps",NA,NA,"Physiotherapy",NA,NA,NA,NA,NA
"9/9/2024","M03","Weighted lower body mobility","Jefferson curls, seated frog, and Weighted pancake","5","3","8","180","6","5","40 lbs","100%","8","legs","at SAC using kettlebell and plate",NA,"Mobility",NA,NA,NA,NA,NA
"9/9/2024","P06","Supine side raises","Isolate the supraspinatus muscle with arm raises while laying on side. See details in Nina email from 20 August 2024","7","3","6","180","7","2","8 lbs","100%","7","supraspinatus",NA,"R shoulder struggles more than L","Physiotherapy",NA,NA,NA,NA,NA
"9/9/2024","S10","Moderate inclined bench press","Bench press with back on a 45 degree incline","7","3","6","180","8","1","135 lbs","100%","7","chest, triceps, shoulders",NA,"R shoulder still a bit weak","Strength & conditioning",NA,NA,NA,NA,NA
"9/11/2024","H01","Climbing approach/descent","Straightforward hiking with no significant technical or snow travel","3-7","#N/A","#N/A","#N/A","3","25","10 lbs","100%","10","legs","Hike to/from paradise",NA,"Hiking",NA,NA,NA,NA,NA
"9/11/2024","O01","Outdoor route projecting","Climbing routes harder than onsight difficulty","8-10","#N/A","#N/A","#N/A","9","30","bw","100%","8","shoulders, biceps, fingers, forearms, legs","Spirit sesh","Noticed weakness in R shoulder","Climbing",NA,NA,NA,NA,NA
"9/11/2024","W04","Unstructured upper body warm-up","ad hoc exercises targeting upper body muscle groups and mobility","4","3","10","120","5","1","30 lbs","100%","7","shoulders, back",NA,"R shoulder soreness","Warm-up",NA,NA,NA,NA,NA
"9/11/2024","W01","Unstructured finger warm-up","ad hoc finger, hand, and forearm warm-up exercises","5","3","10","120","6","1","bw","100%","9","fingers",NA,NA,"Warm-up",NA,NA,NA,NA,NA
"9/13/2024","P07","Gaston isometric holds","Holding Gaston position up against a door frame or similar focusing on engaging big muscles.","3-5","3","1","180","3","3","30 lbs","100%","7","shoulders",NA,"R shoulder feels uncoordinated","Physiotherapy",NA,NA,NA,NA,NA
"9/14/2024","W01","Unstructured finger warm-up","ad hoc finger, hand, and forearm warm-up exercises","5","3","10","120","5","2","80 lbs","100%","9","fingers",NA,NA,"Warm-up",NA,NA,NA,NA,NA
"9/14/2024","O01","Outdoor route projecting","Climbing routes harder than onsight difficulty","8-10","#N/A","#N/A","#N/A","10","40","bw","100%","7","shoulders, biceps, fingers, forearms, legs","Send go and lowpoint go on Spirit","Feeling fatigued and low energy. Probably a result of bad allergy flare up over the last two days","Climbing",NA,NA,NA,NA,NA
"9/14/2024","H01","Climbing approach/descent","Straightforward hiking with no significant technical or snow travel","3-7","#N/A","#N/A","#N/A","2","35","10 lbs","100%","10","legs","Hike to Paradise Wall",NA,"Hiking",NA,NA,NA,NA,NA
"9/14/2024","W04","Unstructured upper body warm-up","ad hoc exercises targeting upper body muscle groups and mobility","4","3","10","120","4","3","25 lbs","100%","7","shoulders, back",NA,"R shoulder a bit sore and weak","Warm-up",NA,NA,NA,NA,NA
"9/15/2024","W01","Unstructured finger warm-up","ad hoc finger, hand, and forearm warm-up exercises","5","3","10","120","6","1","80 lbs","100%","10","fingers","Band pulls on 10mm metacarp edge",NA,"Warm-up",NA,NA,NA,NA,NA
"9/15/2024","P01","2-arm isometric lock-offs","Static holds at 135 and 90 deg with palms facing toward and away on bar. See details in Dylan Elliott email from 3 July 2024.","5","3","6","180","6","1","bw","67%","8","shoulders, biceps",NA,NA,"Physiotherapy",NA,NA,NA,NA,NA
"9/15/2024","S09","1-arm dumbell pull-over","Laying on bench, extend dumbell from atop chest down behind head and back (see Dylan notes from 14 August 2024)","7","3","10","180","5","1","12 lbs","100%","7","shoulders, triceps",NA,"Hard to keep right elbow aligned properly due to weakness","Strength & conditioning",NA,NA,NA,NA,NA
"9/15/2024","E05","4 Ã— 4","4 problems, each repeated 4 times in a row","8-10","4","4","240","9","4","bw","100%","7","shoulders, fingers, forearms, biceps, triceps","On TB2 V4s. Last problem was too hard (big moves) and I wasn't able to link many moves together.","Biased the problems to mostly target L shoulder. R shoulder definitely felt weak but held up.","Endurance",NA,NA,NA,NA,NA
"9/15/2024","W03","Unstructured climbing warm-up","ad hoc on the wall warm-up activities","3","#N/A","#N/A","#N/A","5","5","bw","100%","8","legs","Random movement on slab wall at SAC",NA,"Warm-up",NA,NA,NA,NA,NA
"9/17/2024","P04","Shoulder external rotators","External rotation with dumbell or exercise band with elbow at 90deg and supported behind knee. See Dylan email from 31 July 2021","6","3","10","180","5","1","10 lbs","33%","7","infraspinatus, teres minor",NA,"R shoulder and tricep sore but felt better after this exercise","Physiotherapy",NA,NA,NA,NA,NA
"9/17/2024","H01","Climbing approach/descent","Straightforward hiking with no significant technical or snow travel","3-7","#N/A","#N/A","#N/A","5","35","10 lbs","100%","9","legs","Paradise approach/descent",NA,"Hiking",NA,NA,NA,NA,NA
"9/17/2024","O02","Outdoor route climbing","Climbing routes around or lower than onsight difficulty","5-7","#N/A","#N/A","#N/A","6","5","bw","100%","9","fingers, legs, forearms, shoulders","Spirit Quest warm up",NA,"Climbing",NA,NA,NA,NA,NA
"9/17/2024","O01","Outdoor route projecting","Climbing routes harder than onsight difficulty","8-10","#N/A","#N/A","#N/A","9","25","bw","100%","8","shoulders, biceps, fingers, forearms, legs","Two burns on Spirit","both shoulders and triceps still sore","Climbing",NA,NA,NA,NA,NA
"9/17/2024","W01","Unstructured finger warm-up","ad hoc finger, hand, and forearm warm-up exercises","5","3","10","120","7","2","80 lbs","100%","8","fingers",NA,NA,"Warm-up",NA,NA,NA,NA,NA
"9/17/2024","W04","Unstructured upper body warm-up","ad hoc exercises targeting upper body muscle groups and mobility","4","3","10","120","6","2","40 lbs","100%","7","Shoulders",NA,NA,"Warm-up",NA,NA,NA,NA,NA
"9/18/2024","O03","Board climbing","unstructured session on a training board","6-10","#N/A","#N/A","#N/A","5","4","bw","100%","8","Shoulders, fingers, legs","Spirit crux cross move simulator at SAC","R shoulder mobility maybe slightly limiting","Climbing",NA,NA,NA,NA,NA
"9/18/2024","M02","Unstructured lower body mobility","ad hoc stretching or mobility targeting lower body","1-3","1","10","60","1","1","0 lbs","100%","8","hamstrings",NA,NA,"Mobility",NA,NA,NA,NA,NA
"9/18/2024","M01","Unstructured upper body mobility","ad hoc stretching or mobility targeting upper body","1-3","1","10","60","3","2","0 lbs","100%","8","pecs, biceps",NA,NA,"Mobility",NA,NA,NA,NA,NA
"9/18/2024","S09","1-arm dumbell pull-over","Laying on bench, extend dumbell from atop chest down behind head and back (see Dylan notes from 14 August 2024)","7","3","10","180","4","1","12 lbs","100%","8","shoulders, triceps",NA,NA,"Strength & conditioning",NA,NA,NA,NA,NA
"9/20/2024","H01","Climbing approach/descent","Straightforward hiking with no significant technical or snow travel","3-7","#N/A","#N/A","#N/A","2","35","10 lbs","100%","10","legs","Paradise approach/descent",NA,"Hiking",NA,NA,NA,NA,NA
"9/20/2024","O01","Outdoor route projecting","Climbing routes harder than onsight difficulty","8-10","#N/A","#N/A","#N/A","10","25","bw","100%","9","shoulders, biceps, fingers, forearms, legs","Spirit high point and first one hang","R shoulder slightly sore but overall felt great","Climbing",NA,NA,NA,NA,NA
"9/20/2024","O02","Outdoor route climbing","Climbing routes around or lower than onsight difficulty","5-7","#N/A","#N/A","#N/A","6","7","bw","100%","9","fingers, legs, forearms, shoulders","Spirit Quest warm up",NA,"Climbing",NA,NA,NA,NA,NA
"9/20/2024","W01","Unstructured finger warm-up","ad hoc finger, hand, and forearm warm-up exercises","5","3","10","120","7","2","80 lbs","100%","9","fingers",NA,NA,"Warm-up",NA,NA,NA,NA,NA
"9/20/2024","W04","Unstructured upper body warm-up","ad hoc exercises targeting upper body muscle groups and mobility","4","3","10","120","7","2","50 lbs","100%","8","Shoulders, pecs, triceps",NA,NA,"Warm-up",NA,NA,NA,NA,NA
"9/20/2024","P04","Shoulder external rotators","External rotation with dumbell or exercise band with elbow at 90deg and supported behind knee. See Dylan email from 31 July 2021","6","3","10","180","7","1","10 lbs","100%","7","infraspinatus, teres minor",NA,NA,"Physiotherapy",NA,NA,NA,NA,NA
"9/21/2024","K01","Whitewater Class III","Kayaking on a class III whitewater run","5-8","#N/A","#N/A","#N/A","3","75","0","100%","6","shoulders, back, biceps, triceps","Cow Canyon at 7 cms",NA,"Kayaking",NA,NA,NA,NA,NA
"9/21/2024","H02","Kayak carry","Hiking while carrying a kayak","3-5","#N/A","#N/A","#N/A","6","8","40 lbs","100%","7","legs, shoulders","Carrying Seamus' Antix2 in and out from the Cow Canyon",NA,"Hiking",NA,NA,NA,NA,NA
"9/22/2024","H01","Climbing approach/descent","Straightforward hiking with no significant technical or snow travel","3-7","#N/A","#N/A","#N/A","6","37","12 lbs","100%","5","legs","Hike to/from Boss Wall","Mushroom hangover was real","Hiking",NA,NA,NA,NA,NA
"9/22/2024","O02","Outdoor route climbing","Climbing routes around or lower than onsight difficulty","5-7","#N/A","#N/A","#N/A","8","17","bw","100%","5","forearms, fingers, biceps","Climbed Devil's Note and Born to Be","Mushroom hangover was real","Climbing",NA,NA,NA,NA,NA
"9/22/2024","W04","Unstructured upper body warm-up","ad hoc exercises targeting upper body muscle groups and mobility","4","3","10","120","5","1","25 lbs","100%","6","shoulder","half hearted rotator cuff stuff at Boss Wall",NA,"Warm-up",NA,NA,NA,NA,NA
"9/24/2024","H01","Climbing approach/descent","Straightforward hiking with no significant technical or snow travel","3-7","#N/A","#N/A","#N/A","4","30","10 lbs","100%","9","legs","Paradise approach/descent",NA,"Hiking",NA,NA,NA,NA,NA
"9/24/2024","O02","Outdoor route climbing","Climbing routes around or lower than onsight difficulty","5-7","#N/A","#N/A","#N/A","5","6","bw","100%","10","fingers, legs, forearms, shoulders","Spirit Quest warm up",NA,"Climbing",NA,NA,NA,NA,NA
"9/24/2024","O01","Outdoor route projecting","Climbing routes harder than onsight difficulty","8-10","#N/A","#N/A","#N/A","10","32","bw","100%","9","shoulders, biceps, fingers, forearms, legs","Spirit send goes","legs weirdly felt bad: failing on L heel hook move and R high step mid crux","Climbing",NA,NA,NA,NA,NA
"9/24/2024","W01","Unstructured finger warm-up","ad hoc finger, hand, and forearm warm-up exercises","5","3","10","120","7","1","80 lbs","100%","10","fingers",NA,NA,"Warm-up",NA,NA,NA,NA,NA
"9/24/2024","W04","Unstructured upper body warm-up","ad hoc exercises targeting upper body muscle groups and mobility","4","3","10","120","6","2","40 lbs","100%","8","Shoulders",NA,NA,"Warm-up",NA,NA,NA,NA,NA
"9/24/2024","E06","Heavy repeaters","Hard repeaters with added weight or a smaller edge","8-10","6","6","180","8","6","bw","100%","8","fingers, forearms, shoulders","at home on 20mm edge","R shoulder pinch feeling","Endurance",NA,NA,NA,NA,NA
"9/25/2024","P04","Shoulder external rotators","External rotation with dumbell or exercise band with elbow at 90deg and supported behind knee. See Dylan email from 31 July 2021","6","3","10","180","3","1","10 lbs","100%","7","infraspinatus, teres minor",NA,NA,"Physiotherapy",NA,NA,NA,NA,NA
"9/25/2024","S09","1-arm dumbell pull-over","Laying on bench, extend dumbell from atop chest down behind head and back (see Dylan notes from 14 August 2024)","7","3","10","180","4","1","10 lbs","100%","8","shoulders, triceps",NA,NA,"Strength & conditioning",NA,NA,NA,NA,NA
"9/26/2024","S12","Moderate decline ab crunches","Ab crunches on decline bench with moderate intensity","7","3","6","180","7","1","45 lbs","100%","10","core",NA,NA,"Strength & conditioning",NA,NA,NA,NA,NA
"9/26/2024","S11","Open hip hamstring cable pulls","Mimicking the L heel hook move on Spirit","6-8","3","6","180","8","1","75 lbs","100%","6","hamstrings","Setting ""12"" on cable pull machine at SAC","L side considerably weaker than R","Strength & conditioning",NA,NA,NA,NA,NA
"9/26/2024","S08","Overhead press","Overhead press with dumbells and wrist pronation at top","6-9","3","6","180","8","1","40 lbs","100%","8","shoulders, triceps",NA,NA,"Strength & conditioning",NA,NA,NA,NA,NA
"9/26/2024","M02","Unstructured lower body mobility","ad hoc stretching or mobility targeting lower body","1-3","1","10","60","2","2","0 lbs","100%","8","legs","Chill stretching while chatting with Wendy",NA,"Mobility",NA,NA,NA,NA,NA
"9/26/2024","M01","Unstructured upper body mobility","ad hoc stretching or mobility targeting upper body","1-3","1","10","60","2","2","0 lbs","100%","8","forearms, pecs, shoulders","Chill stretching while chatting with Wendy",NA,"Mobility",NA,NA,NA,NA,NA
"9/27/2024","H01","Climbing approach/descent","Straightforward hiking with no significant technical or snow travel","3-7","#N/A","#N/A","#N/A","4","30","15 lbs","100%","8","legs","Paradise approach/descent",NA,"Hiking",NA,NA,NA,NA,NA
"9/27/2024","O01","Outdoor route projecting","Climbing routes harder than onsight difficulty","8-10","#N/A","#N/A","#N/A","10","30","bw","100%","8","shoulders, biceps, fingers, forearms, legs","Spirit of the West SEND","Lats were sore and R shoulder didn't feel great but the power was all there and legs felt good","Climbing",NA,NA,NA,NA,NA
"9/27/2024","O02","Outdoor route climbing","Climbing routes around or lower than onsight difficulty","5-7","#N/A","#N/A","#N/A","5","6","bw","100%","10","fingers, legs, forearms, shoulders","Spirit Quest warm up",NA,"Climbing",NA,NA,NA,NA,NA
"9/27/2024","W01","Unstructured finger warm-up","ad hoc finger, hand, and forearm warm-up exercises","5","3","10","120","7","1","80 lbs","100%","10","fingers",NA,NA,"Warm-up",NA,NA,NA,NA,NA
"9/27/2024","W04","Unstructured upper body warm-up","ad hoc exercises targeting upper body muscle groups and mobility","4","3","10","120","6","2","40 lbs","100%","8","Shoulders",NA,NA,"Warm-up",NA,NA,NA,NA,NA
"9/29/2024","H01","Climbing approach/descent","Straightforward hiking with no significant technical or snow travel","3-7","#N/A","#N/A","#N/A","4","30","20 lbs","100%","8","legs","Paradise approach/descent",NA,"Hiking",NA,NA,NA,NA,NA
"9/29/2024","O02","Outdoor route climbing","Climbing routes around or lower than onsight difficulty","5-7","#N/A","#N/A","#N/A","7","10","bw","100%","7","forearms, fingers, shoulders","Lox Stox and Two Smolts on Bagels",NA,"Climbing",NA,NA,NA,NA,NA
"9/29/2024","O01","Outdoor route projecting","Climbing routes harder than onsight difficulty","8-10","#N/A","#N/A","#N/A","10","25","bw","100%","8","fingers, shoulders, lats, forearms, triceps","first suss on Killer Queen","Shoulders felt strong but definitely on the limit in the hard bouldering moves","Climbing",NA,NA,NA,NA,NA
"9/29/2024","W01","Unstructured finger warm-up","ad hoc finger, hand, and forearm warm-up exercises","5","3","10","120","7","1","80 lbs","100%","10","fingers",NA,NA,"Warm-up",NA,NA,NA,NA,NA
"9/29/2024","W04","Unstructured upper body warm-up","ad hoc exercises targeting upper body muscle groups and mobility","4","3","10","120","6","2","40 lbs","100%","8","Shoulders",NA,NA,"Warm-up",NA,NA,NA,NA,NA
"9/29/2024","O01","Outdoor route projecting","Climbing routes harder than onsight difficulty","8-10","#N/A","#N/A","#N/A","8","20","bw","100%","6","Fingers, forearms, shoulders","Tried Chasing Shadows (5.12c) with Duncan","Decided to call it quits after two burns to ease the load on my shoulder.","Climbing",NA,NA,NA,NA,NA
"9/30/2024","W01","Unstructured finger warm-up","ad hoc finger, hand, and forearm warm-up exercises","5","3","10","120","7","1","70 lbs","100%","8","fingers",NA,NA,"Warm-up",NA,NA,NA,NA,NA
"9/30/2024","S13","Moderate crimp lifts","1-arm lifts from the ground using a crimp edge, preferably unlevel. Weight at ~80% max","8","3","6","180","8","2","90 lbs","100%","8","fingers","using unlevel edge and lifting pin at SAC","struggling to keep the pinky in correct posture","Strength & conditioning",NA,NA,NA,NA,NA
"9/30/2024","M02","Unstructured lower body mobility","ad hoc stretching or mobility targeting lower body","1-3","1","10","60","3","3","0 lbs","100%","7","legs, hips",NA,"Hamstrings tight","Mobility",NA,NA,NA,NA,NA
"9/30/2024","S11","Open hip hamstring cable pulls","Mimicking the L heel hook move on Spirit","6-8","3","6","180","8","2","75 lbs","100%","6","hamstrings",NA,"L hamstring weak and tweaky feeling. felt better by the end","Strength & conditioning",NA,NA,NA,NA,NA
"9/30/2024","S12","Moderate decline ab crunches","Ab crunches on decline bench with moderate intensity","7","3","6","180","7","1","45 lbs","100%","9","core","Bench decline set to ""8""",NA,"Strength & conditioning",NA,NA,NA,NA,NA
"10/2/2024","P06","Supine side raises","Isolate the supraspinatus muscle with arm raises while laying on side. See details in Nina email from 20 August 2024","7","3","6","180","7","3","8 lbs","100%","8","supraspinatus",NA,NA,"Physiotherapy",NA,NA,NA,NA,NA
"10/2/2024","P05","Supine external rotation","Isolate the subscapularis muscle with slow rotations between 30-90 degrees. See Nina email from 20 August 2024","7","3","6","180","6","2","8 lbs","100%","6","subscapularis",NA,"R shoulder pinchy/sore","Physiotherapy",NA,NA,NA,NA,NA
"10/2/2024","P01","2-arm isometric lock-offs","Static holds at 135 and 90 deg with palms facing toward and away on bar. See details in Dylan Elliott email from 3 July 2024.","5","3","6","180","7","2","bw","100%","8","shoulders, biceps","Doubled up on the palms away lock-offs and did just one each with the palms-facing version.",NA,"Physiotherapy",NA,NA,NA,NA,NA
"10/2/2024","S14","Moderate chest flys","Supine (bench) chest flys using free weights at ~80% of 1RM","8","3","6","180","8","1","35 lbs","100%","7","chest, biceps, triceps, shoulders",NA,"R shoulder weak","Strength & conditioning",NA,NA,NA,NA,NA
"10/2/2024","S09","1-arm dumbell pull-over","Laying on bench, extend dumbell from atop chest down behind head and back (see Dylan notes from 14 August 2024)","7","3","10","180","6","2","15 lbs","100%","7","shoulders, triceps",NA,NA,"Strength & conditioning",NA,NA,NA,NA,NA
"10/2/2024","M03","Weighted lower body mobility","Jefferson curls, seated frog, and Weighted pancake","5","3","8","180","5","10","40 lbs","100%","9","legs",NA,NA,"Mobility",NA,NA,NA,NA,NA
"10/5/2024","S09","1-arm dumbell pull-over","Laying on bench, extend dumbell from atop chest down behind head and back (see Dylan notes from 14 August 2024)","7","3","10","180","5","2","15 lbs","100%","7","shoulders, triceps",NA,"both shoulders felt weak","Strength & conditioning",NA,NA,NA,NA,NA
"10/5/2024","P04","Shoulder external rotators","External rotation with dumbell or exercise band with elbow at 90deg and supported behind knee. See Dylan email from 31 July 2021","6","3","10","180","5","2","15 lbs","100%","7","infraspinatus, teres minor",NA,"both shoulders felt weak","Physiotherapy",NA,NA,NA,NA,NA
"10/6/2024","H01","Climbing approach/descent","Straightforward hiking with no significant technical or snow travel","3-7","#N/A","#N/A","#N/A","5","30","25 lbs","100%","9","legs","Paradise approach/descent",NA,"Hiking",NA,NA,NA,NA,NA
"10/6/2024","O02","Outdoor route climbing","Climbing routes around or lower than onsight difficulty","5-7","#N/A","#N/A","#N/A","6","7","bw","100%","7","forearms, fingers, shoulders","Spirit Quest warm up (high point lol)",NA,"Climbing",NA,NA,NA,NA,NA
"10/6/2024","O01","Outdoor route projecting","Climbing routes harder than onsight difficulty","8-10","#N/A","#N/A","#N/A","9","30","bw","100%","8","fingers, shoulders, lats, forearms, triceps","Killer Queen again. Felt pretty hard today due to some terrible hot/humid conditions at the crag (what the hell, October?!)","Skin was sweaty","Climbing",NA,NA,NA,NA,NA
"10/6/2024","O01","Outdoor route projecting","Climbing routes harder than onsight difficulty","8-10","#N/A","#N/A","#N/A","8","20","bw","100%","5","fingers, shoulders, lats, forearms, triceps","Tried high pointing on Queen Bee again but fell at main crux and downclimb crux.","Skin was is really rough shape from KQ","Climbing",NA,NA,NA,NA,NA
"10/6/2024","W01","Unstructured finger warm-up","ad hoc finger, hand, and forearm warm-up exercises","5","3","10","120","7","2","80 lbs","100%","10","fingers",NA,NA,"Warm-up",NA,NA,NA,NA,NA
"10/6/2024","W04","Unstructured upper body warm-up","ad hoc exercises targeting upper body muscle groups and mobility","4","3","10","120","6","1","40 lbs","100%","8","Shoulders",NA,NA,"Warm-up",NA,NA,NA,NA,NA
"10/7/2024","S08","Overhead press","Overhead press with dumbells and wrist pronation at top","6-9","3","6","180","7","1","40 lbs","100%","8","shoulders, triceps",NA,NA,"Strength & conditioning",NA,NA,NA,NA,NA
"10/7/2024","W01","Unstructured finger warm-up","ad hoc finger, hand, and forearm warm-up exercises","5","3","10","120","6","2","70 lbs","100%","8","fingers",NA,NA,"Warm-up",NA,NA,NA,NA,NA
"10/7/2024","W04","Unstructured upper body warm-up","ad hoc exercises targeting upper body muscle groups and mobility","4","3","10","120","4","3","25 lbs","100%","6","Shoulders, fingers, forearms, biceps",NA,"Both R and Lnshpulder felt weak","Warm-up",NA,NA,NA,NA,NA
"10/7/2024","W03","Unstructured climbing warm-up","ad hoc on the wall warm-up activities","3","#N/A","#N/A","#N/A","3","2","bw","100%","5","fingers, legs, forearms, shoulders",NA,NA,"Warm-up",NA,NA,NA,NA,NA
"10/7/2024","O03","Board climbing","unstructured session on a training board","6-10","#N/A","#N/A","#N/A","7","12","bw","100%","6","fingers, hamstrings, forearms, biceps, shoulders","Making up random problems/moves on the 47deg spray wall",NA,"Climbing",NA,NA,NA,NA,NA
"10/7/2024","S01","Moderate bench press","Bench press reps at ~70-80% of max","7","3","6","180","8","2","155 lbs","100%","5","chest, triceps","Only did upper half reps","R shoulder still destabilizing everything","Strength & conditioning",NA,NA,NA,NA,NA
"10/9/2024","O03","Board climbing","unstructured session on a training board","6-10","#N/A","#N/A","#N/A","9","8","bw","100%","8","fingers, shoulders, hamstrings","TB2 fun climbing, mostly classic V7s. Avoided most intense R shoulder moves by mirroring","R shoulder weak","Climbing",NA,NA,NA,NA,NA
"10/9/2024","W01","Unstructured finger warm-up","ad hoc finger, hand, and forearm warm-up exercises","5","3","10","120","5","1","80 lbs","100%","9","fingers",NA,NA,"Warm-up",NA,NA,NA,NA,NA
"10/9/2024","W04","Unstructured upper body warm-up","ad hoc exercises targeting upper body muscle groups and mobility","4","3","10","120","7","2","bw","100%","7","Shoulders, fingers, biceps",NA,NA,"Warm-up",NA,NA,NA,NA,NA
"10/9/2024","W03","Unstructured climbing warm-up","ad hoc on the wall warm-up activities","3","#N/A","#N/A","#N/A","6","4","bw","100%","8","fingers, legs, toes",NA,NA,"Warm-up",NA,NA,NA,NA,NA
"10/9/2024","S09","1-arm dumbell pull-over","Laying on bench, extend dumbell from atop chest down behind head and back (see Dylan notes from 14 August 2024)","7","3","10","180","4","1","15 lbs","33%","8","shoulders, triceps",NA,NA,"Strength & conditioning",NA,NA,NA,NA,NA
"10/9/2024","P04","Shoulder external rotators","External rotation with dumbell or exercise band with elbow at 90deg and supported behind knee. See Dylan email from 31 July 2021","6","3","10","180","4","1","15 lbs","33%","6","infraspinatus, teres minor",NA,NA,"Physiotherapy",NA,NA,NA,NA,NA
"10/12/2024","H01","Climbing approach/descent","Straightforward hiking with no significant technical or snow travel","3-7","#N/A","#N/A","#N/A","6","45","30 lbs","100%","10","legs","Hike to/from Great White",NA,"Hiking",NA,NA,NA,NA,NA
"10/12/2024","O01","Outdoor route projecting","Climbing routes harder than onsight difficulty","8-10","#N/A","#N/A","#N/A","8","25","bw","100%","8","fingers, forearms, shoulders, legs, biceps","Tried Great White Onion (13b) and Flying Clipper (12c)","Flying clipper was bad on the R shoulder. Felt it pretty good the next go on Great White Onion","Climbing",NA,NA,NA,NA,NA
"10/12/2024","O02","Outdoor route climbing","Climbing routes around or lower than onsight difficulty","5-7","#N/A","#N/A","#N/A","6","15","bw","100%","10","fingers, forearms, legs","Test of the Ironman (11b)",NA,"Climbing",NA,NA,NA,NA,NA
"10/12/2024","W01","Unstructured finger warm-up","ad hoc finger, hand, and forearm warm-up exercises","5","3","10","120","6","1","65 lbs","100%","10","fingers",NA,NA,"Warm-up",NA,NA,NA,NA,NA
"10/12/2024","W04","Unstructured upper body warm-up","ad hoc exercises targeting upper body muscle groups and mobility","4","3","10","120","4","1","30 lbs","100%","8","Shoulders",NA,NA,"Warm-up",NA,NA,NA,NA,NA
"10/13/2024","O02","Outdoor route climbing","Climbing routes around or lower than onsight difficulty","5-7","#N/A","#N/A","#N/A","9","10","bw","100%","7","forearms, fingers, shoulders, biceps","Onsighted Back Hand of God (5.12a very hard!)","R shoulder pain moments","Climbing",NA,NA,NA,NA,NA
"10/13/2024","O02","Outdoor route climbing","Climbing routes around or lower than onsight difficulty","5-7","#N/A","#N/A","#N/A","2","5","bw","100%","9","legs","climbed a 5.8",NA,"Climbing",NA,NA,NA,NA,NA
"10/13/2024","H01","Climbing approach/descent","Straightforward hiking with no significant technical or snow travel","3-7","#N/A","#N/A","#N/A","5","50","30 lbs","100%","8","legs","Hike to/from/around Foreplay crag",NA,"Hiking",NA,NA,NA,NA,NA
"10/13/2024","H01","Climbing approach/descent","Straightforward hiking with no significant technical or snow travel","3-7","#N/A","#N/A","#N/A","8","7","125 lbs","100%","9","legs, shoulders","Carrying Natasha over difficult sections of trail",NA,"Hiking",NA,NA,NA,NA,NA
"10/14/2024","H01","Climbing approach/descent","Straightforward hiking with no significant technical or snow travel","3-7","#N/A","#N/A","#N/A","6","20","25 lbs","100%","8","legs","Great White approach",NA,"Hiking",NA,NA,NA,NA,NA
"10/14/2024","O02","Outdoor route climbing","Climbing routes around or lower than onsight difficulty","5-7","#N/A","#N/A","#N/A","4","10","bw","100%","7","fingers, forearms, legs, shoulders","Test of the Ironman warmup",NA,"Climbing",NA,NA,NA,NA,NA
"10/14/2024","O01","Outdoor route projecting","Climbing routes harder than onsight difficulty","8-10","#N/A","#N/A","#N/A","10","30","bw","100%","6","fingers, forearms, shoulders, biceps, triceps, legs","Two good tries on Great White Onion (5.13b)",NA,"Climbing",NA,NA,NA,NA,NA
"10/14/2024","W01","Unstructured finger warm-up","ad hoc finger, hand, and forearm warm-up exercises","5","3","10","120","6","2","80 lbs","100%","10","fingers",NA,NA,"Warm-up",NA,NA,NA,NA,NA
"10/14/2024","W04","Unstructured upper body warm-up","ad hoc exercises targeting upper body muscle groups and mobility","4","3","10","120","8","1","30 lbs","100%","5","shoulders",NA,"R shoulder was quite sore","Warm-up",NA,NA,NA,NA,NA
"10/15/2024","M01","Unstructured upper body mobility","ad hoc stretching or mobility targeting upper body","1-3","1","10","60","6","15","0 lbs","100%","5","Shoulders, upper back, mid back, biceps","pecs stretch, biceps stretch, stick mobility, under the fridge stretch",NA,"Mobility",NA,NA,NA,NA,NA
